Branch ID,From Bus,To Bus,R,X,B,Rating,MTTF,MTTR,Tran OutRate
AB1,1,2,0.042,0.161,0.044,175,19909.09091,10,2.2
AB2,1,2,0.01,0.075,0.158,500,18638.29787,11,1.3
AB3,1,2,0.01,0.074,0.155,500,19043.47826,11,1.3
CA-1,3,1,0.012,0.097,0.203,500,16846.15385,11,1.6
CB-1,3,2,0.013,0.104,0.218,500,16528.30189,11,1.8